user_id,rolling_24h_sum,txn_count_24h,unique_counterparties_24h,drain_ratio,round_number_ratio,near_threshold_count,avg_holding_time_mins,velocity_gradient,last_updated
U-1042,194290.32,11,4,0.0,0.0,0,0.0,8095.43,2026-09-27T03:49:22.750761+00:00
U-1001,184123.61,17,13,0.0,0.0,0,0.0,7671.82,2026-09-27T03:49:15.119216+00:00
U-1024,67674.81,7,1,0.0,0.0,0,0.0,2819.78,2026-09-27T03:48:57.293770+00:00
U-1085,1432526.82,15,1,0.0,0.0,0,0.0,59688.62,2026-09-27T03:48:39.253832+00:00
U-1015,116482.81,12,9,0.0,0.0,0,0.0,4853.45,2026-09-27T03:48:29.118817+00:00
U-1016,77347.61,12,10,0.0,0.0,0,0.0,3222.82,2026-09-27T03:48:13.396856+00:00
U-1046,258936.73,11,8,0.0,0.0,0,0.0,10789.03,2026-09-27T03:47:50.029847+00:00
U-1056,606776.16,13,3,0.0,0.0,12,0.0,25282.34,2026-09-27T03:47:37.214522+00:00
U-1062,994346.71,13,2,0.0,0.0,0,0.0,41431.11,2026-09-27T03:47:29.542031+00:00
U-1026,30032.57,7,4,0.0,0.0,0,0.0,1251.36,2026-09-27T03:47:27.002462+00:00
U-1051,386004.84,11,4,0.0,0.0,0,0.0,16083.53,2026-09-27T03:47:19.371267+00:00
U-1004,198184.25,18,11,0.0,0.0,0,0.0,8257.68,2026-09-27T03:47:16.837539+00:00
U-1045,242454.42,11,6,0.0,0.0,0,0.0,10102.27,2026-09-27T03:47:14.292026+00:00
U-1012,104886.73,12,8,0.0,0.0,0,0.0,4370.28,2026-09-27T03:46:56.505857+00:00
U-1057,999651.46,13,7,0.0,0.0,1,0.0,41652.14,2026-09-27T03:46:53.944346+00:00
U-1066,666405.26,13,5,0.0,0.0,10,0.0,27766.89,2026-09-27T03:46:43.708110+00:00
U-1040,260453.25,11,4,0.0,0.0,0,0.0,10852.22,2026-09-27T03:46:36.121836+00:00
U-1005,167791.79,16,14,0.0,0.0,0,0.0,6991.32,2026-09-27T03:46:20.929065+00:00
U-1059,696724.58,13,5,0.0,0.0,9,0.0,29030.19,2026-09-27T03:46:15.703522+00:00
U-1006,56899.52,11,9,0.0,0.0,0,0.0,2370.81,2026-09-27T03:46:01.733744+00:00
U-1055,868533.78,13,3,0.0,0.0,1,0.0,36188.91,2026-09-27T03:38:14.793807+00:00
U-1010,84176.96,11,10,0.0,0.0,0,0.0,3507.37,2026-09-27T03:38:12.244788+00:00
U-1007,124785.1,15,10,0.0,0.0667,0,0.0,5199.38,2026-09-27T03:38:09.696933+00:00
U-1029,5882.26,7,1,0.0,0.0,0,0.0,245.09,2026-09-27T03:37:54.451450+00:00
U-1000,115650.61,12,11,0.0,0.0,0,0.0,4818.78,2026-09-27T03:37:51.892192+00:00
U-1023,134104.71,17,12,0.0,0.0,0,0.0,5587.7,2026-09-27T03:37:49.313525+00:00
U-1025,57113.48,7,4,0.0,0.0,0,0.0,2379.73,2026-09-27T03:37:44.257537+00:00
U-1002,196943.72,21,16,0.0,0.0476,0,0.0,8205.99,2026-09-27T03:37:41.745732+00:00
U-1022,126627.18,13,9,0.0,0.0,0,0.0,5276.13,2026-09-27T03:37:36.669163+00:00
U-1082,4443968.04,15,1,0.0,0.0,0,0.0,185165.33,2026-09-27T03:37:26.543052+00:00
U-1028,75967.75,7,3,0.0,0.0,0,0.0,3165.32,2026-09-27T03:37:21.463204+00:00
U-1058,647354.69,13,5,0.0,0.0,10,0.0,26973.11,2026-09-27T03:37:18.844296+00:00
U-1068,1067690.3,13,2,0.0,0.0,0,0.0,44487.1,2026-09-27T03:37:16.259493+00:00
U-1041,203108.16,11,4,0.0,0.0,0,0.0,8462.84,2026-09-27T03:37:03.586618+00:00
U-1044,260772.96,11,7,0.0,0.0,0,0.0,10865.54,2026-09-27T03:37:01.051433+00:00
U-1043,344010.22,17,10,0.0,0.0,0,0.0,14333.76,2026-09-27T03:36:55.936426+00:00
U-1049,451420.82,11,2,0.0,0.0,0,0.0,18809.2,2026-09-27T03:36:50.882561+00:00
U-1067,838399.67,13,1,0.0,0.0,0,0.0,34933.32,2026-09-27T03:36:39.067738+00:00
U-1087,1809316.69,15,1,0.0,0.0,0,0.0,75388.2,2026-09-27T03:36:28.605789+00:00
U-1027,52142.21,7,3,0.0,0.0,0,0.0,2172.59,2026-09-27T03:36:23.510788+00:00
U-1008,158634.86,19,12,0.0,0.0,0,0.0,6609.79,2026-09-27T03:36:20.979515+00:00
U-1014,158341.01,19,13,0.0,0.0,0,0.0,6597.54,2026-09-27T03:36:15.918849+00:00
U-1009,176950.58,19,15,0.0,0.0,0,0.0,7372.94,2026-09-27T03:36:13.379969+00:00
U-1063,705670.36,13,4,0.0,0.0,0,0.0,29402.93,2026-09-27T03:36:05.753594+00:00
U-1065,1034094.2,13,4,0.0,0.0,0,0.0,43087.26,2026-09-27T03:36:00.693670+00:00
U-1053,463719.53,11,5,0.0,0.0,1,0.0,19321.65,2026-09-27T03:35:58.147603+00:00
U-1013,102815.92,14,11,0.0,0.0,0,0.0,4284.0,2026-09-27T03:35:55.603101+00:00
U-1050,352750.86,11,3,0.0,0.0,1,0.0,14697.95,2026-09-27T03:35:53.055185+00:00
U-1047,213169.44,11,6,0.0,0.0,0,0.0,8882.06,2026-09-27T03:35:50.501507+00:00
U-1069,933156.74,13,1,0.0,0.0,0,0.0,38881.53,2026-09-27T03:35:47.930525+00:00
U-1011,94042.4,11,10,0.0,0.0,0,0.0,3918.43,2026-09-27T03:35:45.338296+00:00
U-1021,111326.08,11,9,0.0,0.0,0,0.0,4638.59,2026-09-27T03:35:42.789612+00:00
U-1052,247201.71,11,4,0.0,0.0,0,0.0,10300.07,2026-09-27T03:35:40.228371+00:00
U-1017,151827.95,15,11,0.0,0.0,0,0.0,6326.16,2026-09-27T03:35:37.688188+00:00
U-1003,67247.54,7,5,0.0,0.0,0,0.0,2801.98,2026-09-27T03:35:35.139748+00:00
U-1020,188962.69,21,15,0.0,0.0,0,0.0,7873.45,2026-09-27T03:35:30.059859+00:00
U-1079,720095.03,15,1,0.0,0.0,15,0.0,30003.96,2026-09-27T03:35:24.928151+00:00
U-1019,206131.44,21,15,0.0,0.0,0,0.0,8588.81,2026-09-27T03:35:22.369867+00:00
U-1048,516032.66,11,3,0.0,0.0,0,0.0,21501.36,2026-09-27T03:35:19.832744+00:00
U-1018,135465.85,11,10,0.0,0.0,0,0.0,5644.41,2026-09-27T03:35:17.317850+00:00
